,MAE,MAPE(%),RMSE,R2,Radius,nBits,Model
0,0.0,0.0,0.0,0.0,0,0,0
1,25.05206622703121,5.555244813622784,39.36202862902015,0.7373234319421069,r= 2,n= 2048,Ridge
2,28.47809897689867,6.257672749208035,44.43333605944934,0.666359414012496,r= 2,n= 2048,Ridge
3,25.39472380591318,5.625498740925732,39.898261102436365,0.7302227384560236,r= 2,n= 2048,Ridge
