,MAE,MAPE(%),RMSE,R2
0,12.554888138307733,2.9423444093666054,17.824834268325287,0.9349924524660748
1,33.5509638933676,7.8310906339718915,43.862659574974145,0.5648524633235066
2,16.759798427408782,3.9214197156505746,25.286400192455844,0.866630344911639
