,MAE,MAPE(%),RMSE,R2
0,20.533622761717755,4.892436075096124,31.20794782202433,0.8338350283334202
1,30.757503824612552,7.069934578213667,45.42468022306359,0.6003416150791476
2,23.091669363969253,5.43725292234243,35.30614188772425,0.780981074615544
