Method,MAE,MAPE,RMSE,R2,MAE,MAPE,RMSE,R2
DT,0.1326046356257262,0.022509672981942383,0.28711779492272127,0.9854216484019399,0.9098626314082915,0.13822483890357212,1.5987084514428027,0.5054330889021188
KNN,4.234018778397189e-06,1.0419941334511477e-06,7.662050686680436e-06,0.9999999999897672,2.0593148218617867,0.21729809959893948,2.80473363269321,-2.9418587382334542
RF,0.16957202713841202,0.03655761218287341,0.28031169932549915,0.9848693576119604,0.7498475620442855,0.10732123020741054,1.3677618311556023,0.5652590883505928
XGB,0.17519599308781422,0.027101986448598552,0.24263849859307654,0.9894555944507946,0.6131576373487252,0.20620089101179262,1.1313464647207496,0.7512423449234436
