Method,MAE,MAPE,RMSE,R2,MAE,MAPE,RMSE,R2
DT,0.31740983320044247,0.05411069250033884,0.5513945296566966,0.9427474022665641,0.7501231711534341,0.10847953270659479,1.2752406809110683,0.6764860751632088
KNN,2.5116110147902516e-05,4.728106430654432e-06,0.0012218601323330056,0.9999997340892047,1.8835986571460412,0.2157925671378749,2.5164823934075087,-2.725780395590072
RF,0.1596278759956423,0.03502979897924471,0.27221006063781,0.9855175675673223,0.5907630996285747,0.0755249557632229,1.0214177520100365,0.7487322480687133
XGB,0.17542037676865585,0.024782807437009207,0.2515474487585281,0.9884163271693247,0.4853170398809364,0.09717244829489582,0.7823667922109445,0.8898468980295621
