Method,MAE,MAPE,RMSE,R2,MAE,MAPE,RMSE,R2
DT,1.142791498899485,0.427544867276467,38.87892217569353,-591.8332838087521,0.27126458049979085,2.245037632268596,1.0941545302470654,-0.4669360402377163
KNN,1.178841712026928e-05,2.5134696778723624e-05,0.0005870680655499028,0.9999999997814637,0.577385046115572,7.97138947801723,1.436783736075623,-1.156505251130696
