Method,MAE,MAPE,RMSE,R2,MAE,MAPE,RMSE,R2
DT,5.945362930775964e-05,5.870615965702517e-06,0.0013418528424212206,0.9999996792981615,0.7430778016066263,0.13077546157471898,1.2937028056683457,0.6713651913270076
KNN,5.945361546804847e-05,5.870614764609298e-06,0.0013418528424210215,0.9999996792981615,1.697525292922198,0.1905373808173361,2.3320414886058147,-2.3841246763929815
RF,0.15893115000337948,0.029844671253042857,0.2720582374815867,0.985536814944422,0.5836218366048748,0.07552368739603656,1.0189875599007792,0.7516371931271986
XGB,0.13019407029327343,0.018802047606418817,0.19325746781030229,0.9932477387858609,0.4696812813403026,0.15362888806220973,0.7912558467521309,0.8825472848166649
