Method,MAE,MAPE,RMSE,R2,MAE,MAPE,RMSE,R2
DT,0.15305672977006346,0.038162185905324955,0.32988192068442557,0.9817928168505848,0.8005374287919339,0.1500435769610867,1.3748510196918455,0.6793005613986527
KNN,9.02858848218102e-06,8.439451950771319e-07,0.0002197039118674022,0.9999999920683205,1.7635237049312393,0.22320617000316784,2.4204290531600092,-1.2373192098259804
RF,0.1839173973864623,0.03268674609408856,0.3111889724398565,0.9822580833769733,0.6342039296097833,0.15944433705067304,1.0959671371116961,0.7320654367257997
XGB,0.16294285583014603,0.10794439725403844,0.25543399361330826,0.9890461789049871,0.5901593136244317,0.13548852363289104,1.062842583975556,0.7976440082399286
