Method,MAE,MAPE,RMSE,R2,MAE,MAPE,RMSE,R2
DT,0.31740983320044247,0.05411069250033884,0.5513945296566966,0.9427474022665641,0.7501231711534341,0.10847953270659479,1.2752406809110683,0.6764860751632088
KNN,2.5116110147902516e-05,4.728106430654432e-06,0.0012218601323330056,0.9999997340892047,1.8835986571460412,0.2157925671378749,2.5164823934075087,-2.725780395590072
