MAPE,RMSE,R2
0.09793055956893079,45.32957376996801,0.3915479465891156
0.1165692264440679,50.594998783747954,0.33624310358201714
