MAPE,RMSE,R2
0.008629448581666838,5.1385987518572085,0.9923681241351856
0.017506724014986874,9.482963363934426,0.9749254360556088
0.011292631211662846,6.742522987823524,0.9870261509363135
