MAPE,RMSE,R2
0.008629448581666836,5.1385987518572085,0.9923681241351856
0.01714548496504558,9.415940074950344,0.9752786253943759
0.011184259496680457,6.714284492135308,0.9871345954451499
