MAPE,RMSE,R2
0.007602825307853289,4.118313276137816,0.9950651795546972
0.01255000595304149,7.017388309998347,0.9864849959302461
0.00908697950140975,5.161925471786621,0.9923959068338473
