MAPE,RMSE,R2
0.036581408874932934,19.543979776916352,0.8888630165453918
12316562550.050095,37500039751622.54,-3.859478437397488e+23
3694968765.0406365,20539617679304.094,-1.2039506357745822e+23
