,MAE,MAPE(%),RMSE,R2
0,14.151811033144577,3.2140990648988788,20.24838518434383,0.9299577063221935
1,33.647112546434805,7.675518633719307,44.910007663161046,0.5988386403204389
2,18.055622424717317,4.107470245820273,27.05126708707301,0.8714250559316402
