,MAE,MAPE(%),RMSE,R2
0,14.181591249054714,9.402808804473333,19.042070432449474,0.9702698487139277
1,29.05111159015011,17.78618728469318,44.255830041375226,0.838192184524294
2,17.90199113943439,11.500355979053115,27.602881737171504,0.9374918659187835
