,MAE,MAPE(%),RMSE,R2
0,5.46178085712811,1.4675058325422463,6.595929894188121,0.9871170550124121
1,17.179404563069497,6.013829537794105,29.61860371534274,0.7725305754214317
2,8.391186783613456,2.6040867588552103,15.872779841238021,0.9280998238186241
