,MAE,MAPE(%),RMSE,R2
0,38.833960561037365,26.907675088527753,48.12512161683391,0.8101054656309881
1,41.64180358067061,25.655833559311237,53.53373516458083,0.7632371246013072
2,39.53649155213975,26.59446047358162,49.533800198760886,0.798705929698099
