,MAE,MAPE(%),RMSE,R2
0,11.351428260589154,7.431744202480782,17.791930754215212,0.9740453639052445
1,27.8958670068027,17.106594680115084,41.83758757283498,0.8553921789238234
2,15.49089790627053,9.852421657485952,25.986568179747234,0.9445979869565024
