,MAE,MAPE(%),RMSE,R2
0,10.590508786847973,2.8075717403371034,13.837700830510984,0.943298967906008
1,27.390299124149653,8.667873551514807,37.923831752968766,0.6270777557193268
2,14.79045637117339,4.2726471931315295,22.431355886635874,0.8564064207410713
