,MAE,MAPE(%),RMSE,R2
0,24.695315062444365,15.682848828429952,33.32580254251242,0.9089395025746322
1,35.57607380854619,21.243586968649268,47.31071815669565,0.8150826783482222
2,27.41771448876391,17.074162676673293,37.319724939304685,0.8857372811003498
