,MAE,MAPE(%),RMSE,R2
0,24.92526558095947,5.946653839622967,33.70604422421532,0.8061683788880304
1,34.8364891408945,7.942853916966544,45.88699737814066,0.5921650386152517
2,27.40508431082136,6.446109261086673,37.13050082722113,0.7577617425831007
