,MAE,MAPE(%),RMSE,R2
0,17.586561670832378,9.917316491003918,25.879423258813297,0.9450866458067995
1,37.79427066517444,21.67617392606824,50.14864921002239,0.7922327974031707
2,22.642592840822104,12.859418919923343,33.63636261335879,0.907179108131628
