,MAE,MAPE(%),RMSE,R2
0,17.517052246031167,9.984844725709172,25.513223315358932,0.9466297243803566
1,37.96814157897088,21.808450114163815,50.42393126426889,0.7899455349160536
2,22.633977928033953,12.943147292438685,33.52940206767314,0.9077684933763643
