,MAE,MAPE(%),RMSE,R2
0,25.976070711029045,6.142884176948658,36.76777567305642,0.7693551456155449
1,37.28825101981313,8.463137099115055,49.34689986971731,0.5283444818802756
2,28.806413144096055,6.72341862051263,40.285246939601016,0.7148501289176172
