,MAE,MAPE(%),RMSE,R2
0,30.00460022945841,19.054756221088045,40.88029264837575,0.8629759571705409
1,44.392476839617466,25.5765247342756,60.45959764239359,0.6980124639083127
2,33.60449137156157,20.68652283527307,46.55794711879499,0.8221657813851676
