,MAE,MAPE(%),RMSE,R2,Radius,nBits,Model
0,0.0,0.0,0.0,0.0,0,0,0
1,23.862897046457682,5.270087806833912,37.92104479641993,0.7565056495756772,r= 2,n= 2048,"['Ridge', 'KNN', 'RF', 'XGB']"
2,29.19990878675421,6.557195543403011,47.63546110526578,0.613694602317768,r= 2,n= 2048,"['Ridge', 'KNN', 'RF', 'XGB']"
3,24.93067787243492,5.527600630292512,40.05360011255334,0.7280673144399119,r= 2,n= 2048,"['Ridge', 'KNN', 'RF', 'XGB']"
4,0.33397086399231685,0.07207335348285647,3.2893593026027825,0.998167892595718,r= 2,n= 2048,"['Ridge', 'KNN', 'RF', 'XGB']"
5,39.71942773606815,8.340495702988752,56.31960818300708,0.4600055715155169,r= 2,n= 2048,"['Ridge', 'KNN', 'RF', 'XGB']"
6,8.21385528561054,1.7263441843342713,25.362565543684,0.8909653179998821,r= 2,n= 2048,"['Ridge', 'KNN', 'RF', 'XGB']"
7,16.289022582479603,3.554339042835432,26.904984585729736,0.8774272879739579,r= 2,n= 2048,"['Ridge', 'KNN', 'RF', 'XGB']"
8,27.06443200702041,6.019001002800066,46.06244162560317,0.6387865284446221,r= 2,n= 2048,"['Ridge', 'KNN', 'RF', 'XGB']"
9,18.444868613078718,4.047446218053957,31.678879290480346,0.8298946727869636,r= 2,n= 2048,"['Ridge', 'KNN', 'RF', 'XGB']"
10,18.341022821254867,4.049861862825523,27.613703889787253,0.8708847242377564,r= 2,n= 2048,"['Ridge', 'KNN', 'RF', 'XGB']"
11,27.31814813727518,6.148625136731245,45.16966693009809,0.6526527972213172,r= 2,n= 2048,"['Ridge', 'KNN', 'RF', 'XGB']"
12,20.137084503575394,4.469763352871194,31.908677361198336,0.8274178392909073,r= 2,n= 2048,"['Ridge', 'KNN', 'RF', 'XGB']"
