,MAE,MAPE(%),RMSE,R2,Radius,nBits,Model
0,0.0,0.0,0.0,0.0,0,0,0
1,28.431504361612873,6.2880140132514795,43.95728063133156,0.6724119713329273,r= 3,n= 4096,Ridge
2,29.37836159515207,6.459462084459093,44.483622870656276,0.665603800474383,r= 3,n= 4096,Ridge
3,28.526205093006638,6.305161537888031,44.010206505526575,0.6717503902544391,r= 3,n= 4096,Ridge
