,MAE,MAPE(%),RMSE,R2,Radius,nBits,Model
0,0.0,0.0,0.0,0.0,0,0,0
1,23.162016563626107,5.14300128722602,36.56458170331194,0.7573906486261968,r= 2,n= 4096,Ridge
2,28.035882416842078,6.268982142813523,46.41728621525803,0.605853773489736,r= 2,n= 4096,Ridge
3,24.136964143496474,5.368237751091975,38.73650806860353,0.7272766618657269,r= 2,n= 4096,Ridge
4,0.30889416983523454,0.06704332805564599,3.0234323315781846,0.9983412275118527,r= 2,n= 4096,KNN
5,39.268774233553664,8.158163234772939,55.05838453432376,0.4454447634410692,r= 2,n= 4096,KNN
6,8.102264345401025,1.6855568467011879,24.773094419774246,0.8884571124181652,r= 2,n= 4096,KNN
7,16.14821199747007,3.5568952969109864,26.47037484102477,0.872852887937183,r= 2,n= 4096,RF
8,26.95690228813963,5.941863609624417,44.48915791608338,0.6379185694390093,r= 2,n= 4096,RF
9,18.310336840012308,4.033974304535538,30.926483539425117,0.8261629069340279,r= 2,n= 4096,RF
10,20.418407204022497,4.514180978701108,30.380289335593176,0.8325172323021002,r= 2,n= 4096,XGB
11,26.724021192349625,5.939534814733652,43.40351057309211,0.6553743512719681,r= 2,n= 4096,XGB
12,21.679755645416254,4.799302751591497,33.394264711226796,0.7973133530577847,r= 2,n= 4096,XGB
