,MAE,MAPE(%),RMSE,R2
0,5.1614368981856495,1.367197381053659,10.356857319918985,0.9682371782946416
1,6725772265667.554,1604212727279.7148,23102519822819.305,-1.3839250483980556e+23
2,1681443066420.759,401053181820.9541,11551259911409.65,-3.8078749805638414e+22
