,MAE,MAPE(%),RMSE,R2
0,11.115403741496483,2.9108930084036597,14.401916789775534,0.9385808665276263
1,32.10608505102035,9.409916429477496,40.36917057690559,0.5774350027773159
2,16.36307406887745,4.535648863672118,23.72717616324241,0.8393369235043553
