,MAE,MAPE(%),RMSE,R2
0,11.026383951247034,2.8870925671449035,14.417717466484314,0.9384460238889544
1,32.31503714285708,9.339610155081186,40.42483561142495,0.5762688498876283
2,16.348547249149544,4.500221964128973,23.758046347715712,0.8389185909411103
